{
  "client.dll": {
    "dwCSGOInput": 31703376,
    "dwEntityList": 30489832,
    "dwGameEntitySystem": 33262032,
    "dwGameEntitySystem_highestEntityIndex": 8432,
    "dwGameRules": 31659024,
    "dwGlobalVars": 29245888,
    "dwGlowManager": 31646392,
    "dwLocalPlayerController": 31579160,
    "dwLocalPlayerPawn": 29290280,
    "dwPlantedC4": 31681512,
    "dwPrediction": 29290048,
    "dwSensitivity": 31649032,
    "dwSensitivity_sensitivity": 80,
    "dwViewAngles": 31705088,
    "dwViewMatrix": 31663056,
    "dwViewRender": 31665992,
    "dwWeaponC4": 31256976
  },
  "engine2.dll": {
    "dwBuildNumber": 6231012,
    "dwNetworkGameClient": 9352504,
    "dwNetworkGameClient_clientTickCount": 912,
    "dwNetworkGameClient_deltaTick": 572,
    "dwNetworkGameClient_isBackgroundMap": 2888807,
    "dwNetworkGameClient_localPlayer": 232,
    "dwNetworkGameClient_maxClients": 560,
    "dwNetworkGameClient_serverTickCount": 572,
    "dwNetworkGameClient_signOnState": 544,
    "dwWindowHeight": 9369668,
    "dwWindowWidth": 9369664
  },
  "inputsystem.dll": {
    "dwInputSystem": 285216
  },
  "matchmaking.dll": {
    "dwGameTypes": 1793760
  },
  "soundsystem.dll": {
    "dwSoundSystem": 4107872,
    "dwSoundSystem_engineViewData": 124
  }
}